year,matric ,fsc,et,deduction,merit,Eligibility
2018,36,36,18,0,90.4,1
2018,36,36,18,0,90.345,1
2017,36,36,18,2,90.073,1
2018,35,35,17,0,86.691,1
2018,35,35,17,0,86.655,1
2018,35,35,17,0,86.564,1
2018,35,35,17,0,86.473,1
2017,35,35,18,2,88.109,1
2018,34,34,17,0,85.945,1
2018,34,34,17,0,85.273,1
2018,34,34,17,0,84.345,1
2017,35,35,17,2,86.273,1
2017,34,34,17,2,85.727,1
2018,33,33,17,0,83.691,1
2018,33,33,17,0,83.636,1
2018,33,33,17,0,83.582,1
2018,33,33,17,0,83.182,1
2018,33,33,16,0,82.455,1
2017,34,34,17,2,84.455,1
2018,33,33,16,0,82.382,1
2018,33,33,16,0,82.309,1
2017,34,34,17,2,84.291,1
2018,33,33,16,0,81.745,1
2018,33,33,16,0,81.688,1
2018,32,32,16,0,81.018,1
2018,32,32,16,0,80.964,1
2018,32,32,16,0,80.745,1
2018,32,32,16,0,80.564,1
2016,34,34,17,4,84.418,1
2018,32,32,16,0,80.327,1
2018,32,32,16,0,80.145,1
2018,32,32,16,0,79.982,1
2018,32,32,16,0,79.764,1
2018,32,32,16,0,79.618,1
2018,32,32,16,0,79.6,1
2018,32,32,16,0,79.309,1
2018,32,32,16,0,79.036,1
2018,32,32,16,0,78.855,1
2018,32,32,16,0,78.764,1
2016,33,33,17,4,82.655,1
2017,32,32,16,2,80.6,1
2018,31,31,16,0,78.564,1
2018,31,31,16,0,78.527,1
2018,31,31,16,0,78.436,1
2017,32,32,16,2,80.345,1
2016,33,33,16,4,82.291,1
2018,31,31,16,0,78.236,1
2018,31,31,16,0,78.091,1
2017,32,32,16,2,80.074,1
2018,31,31,16,0,78,1
2018,31,31,16,0,77.945,1
2018,31,31,16,0,77.709,1
2018,31,31,15,0,77.455,1
2018,31,31,15,0,77.436,1
2017,32,32,16,2,79.436,1
2017,32,32,16,2,79.436,1
2017,32,32,16,2,79.418,1
2018,31,31,15,0,77.4,1
2018,31,31,15,0,77.309,1
2018,31,31,15,0,77.273,1
2018,31,31,15,0,77.064,1
2017,32,32,16,2,79.036,1
2017,31,31,16,2,78.709,1
2018,31,31,15,0,76.691,1
2017,31,31,16,2,78.582,1
2017,31,31,16,2,78.545,1
2017,31,31,16,2,78.509,1
2018,31,31,15,0,76.491,1
2018,31,31,15,0,76.291,1
2018,30,30,15,0,76.182,1
2018,30,30,15,0,76.109,1
2018,30,30,15,0,75.945,1
2018,30,30,15,0,75.945,1
2018,30,30,15,0,75.891,1
2017,31,31,16,2,77.835,1
2018,30,30,15,0,75.818,1
2016,32,32,16,4,79.743,1
2018,30,30,15,0,75.727,1
2018,30,30,15,0,75.691,1
2018,30,30,15,0,75.691,1
2018,30,30,15,0,75.618,1
2018,30,30,15,0,75.618,1
2018,30,30,15,0,75.473,1
2018,30,30,15,0,75.418,1
2017,31,31,15,2,77.4,1
2017,31,31,15,2,77.291,1
2018,30,30,15,0,75.218,1
2017,31,31,15,2,77.055,1
2018,30,30,15,0,75.036,1
2018,30,30,15,0,75.02,1
2018,30,30,15,0,74.927,1
2018,30,30,15,0,74.891,1
2016,32,32,16,4,78.891,1
2018,30,30,15,0,74.856,1
2018,30,30,15,0,74.844,1
2018,30,30,15,0,74.836,1
2018,30,30,15,0,74.818,1
2017,31,31,15,2,76.8,1
2018,30,30,15,0,74.691,1
2018,30,30,15,0,74.691,1
2018,30,30,15,0,74.654,1
2018,30,30,15,0,74.587,1
2018,30,30,15,0,74.545,1
2018,30,30,15,0,74.545,1
2018,30,30,15,0,74.509,1
2017,31,31,15,2,76.491,1
2018,30,30,15,0,74.473,1
2013,34,34,17,10,84.44,1
2017,31,31,15,2,76.436,1
2016,31,31,16,4,78.404,1
2017,30,30,15,2,76.24,1
2018,30,30,15,0,74.109,1
2018,30,30,15,0,74.018,1
2016,31,31,16,4,77.964,1
2016,31,31,16,4,77.835,1
2017,30,30,15,2,75.8,1
2018,30,30,15,0,73.782,1
2017,30,30,15,2,75.673,1
2018,29,29,15,0,73.655,1
2018,29,29,15,0,73.636,1
2018,29,29,15,0,73.627,1
2018,29,29,15,0,73.582,1
2018,29,29,15,0,73.545,1
2018,29,29,15,0,73.545,1
2018,29,29,15,0,73.455,1
2018,29,29,15,0,73.455,1
2018,29,29,15,0,73.436,1
2017,30,30,15,2,75.431,1
2018,29,29,15,0,73.4,1
2018,29,29,15,0,73.4,1
2018,29,29,15,0,73.311,1
2017,30,30,15,2,75.309,1
2017,30,30,15,2,75.164,1
2017,30,30,15,2,75.109,1
2018,29,29,15,0,72.964,1
2018,29,29,15,0,72.909,1
2016,31,31,15,4,76.891,1
2018,29,29,15,0,72.873,1
2018,29,29,15,0,72.873,1
2017,30,30,15,2,74.807,1
2017,30,30,15,2,74.797,1
2018,29,29,15,0,72.691,1
2017,30,30,15,2,74.618,1
2016,31,31,15,4,76.569,1
2016,31,31,15,4,76.514,1
2017,30,30,15,2,74.509,1
2018,29,29,14,0,72.455,1
2017,30,30,15,2,74.382,1
2017,30,30,15,2,74.364,1
2018,29,29,14,0,72.327,1
2018,29,29,14,0,72.309,1
2017,30,30,15,2,74.291,1
2018,29,29,14,0,72.236,1
2017,30,30,15,2,74.018,1
2018,29,29,14,0,71.964,1
2018,29,29,14,0,71.945,1
2018,29,29,14,0,71.909,1
2018,29,29,14,0,71.818,1
2018,29,29,14,0,71.818,1
2018,29,29,14,0,71.727,1
2018,29,29,14,0,71.636,1
2018,29,29,14,0,71.527,1
2018,29,29,14,0,71.527,1
2018,29,29,14,0,71.491,1
2018,29,29,14,0,71.418,1
2018,29,29,14,0,71.4,1
2018,29,29,14,0,71.394,1
2018,29,29,14,0,71.309,1
2017,29,29,15,2,73.273,1
2017,29,29,15,2,73.236,1
2018,28,28,14,0,71.2,1
2018,28,28,14,0,71.2,1
2018,28,28,14,0,71.179,1
2018,28,28,14,0,71.091,1
2016,30,30,15,4,75.073,1
2017,29,29,15,2,73.052,1
2017,29,29,15,2,73.033,1
2018,28,28,14,0,71,1
2018,28,28,14,0,70.927,1
2017,29,29,15,2,72.909,1
2018,28,28,14,0,70.891,1
2018,28,28,14,0,70.855,1
2018,28,28,14,0,70.818,1
2016,30,30,15,4,74.782,1
2018,28,28,14,0,70.691,1
2018,28,28,14,0,70.655,1
2016,30,30,15,4,74.631,1
2017,29,29,15,2,72.618,1
2017,29,29,15,2,72.582,1
2017,29,29,15,2,72.565,1
2018,28,28,14,0,70.509,1
2018,28,28,14,0,70.455,1
2018,28,28,14,0,70.255,1
2018,28,28,14,0,70.236,1
2018,28,28,14,0,70.218,1
2018,28,28,14,0,70.186,1
2017,29,29,14,2,72.179,1
2018,28,28,14,0,70.164,1
2016,30,30,15,4,74.092,1
2018,28,28,14,0,70.091,1
2017,29,29,14,2,72.091,1
2018,28,28,14,0,70.018,1
2017,29,29,14,2,71.964,1
2018,28,28,14,0,69.964,1
2017,29,29,14,2,71.945,1
2018,28,28,14,0,69.909,1
2018,28,28,14,0,69.909,1
2018,28,28,14,0,69.873,1
2015,30,30,15,6,75.853,1
2018,28,28,14,0,69.8,1
2018,28,28,14,0,69.691,1
2018,28,28,14,0,69.673,1
2018,28,28,14,0,69.564,1
2018,28,28,14,0,69.473,1
2018,28,28,14,0,69.436,1
2018,28,28,14,0,69.255,1
2018,28,28,14,0,69.255,1
2018,28,28,14,0,69.218,1
2018,28,28,14,0,69.164,1
2018,28,28,14,0,69.145,1
2018,28,28,14,0,69.127,1
2018,28,28,14,0,69.055,1
2018,28,28,14,0,69.055,1
2018,28,28,14,0,69.018,1
2018,28,28,14,0,69.009,1
2018,28,28,14,0,68.991,1
2018,28,28,14,0,68.964,1
2018,28,28,14,0,68.964,1
2018,28,28,14,0,68.881,1
2016,29,29,15,4,72.857,1
2018,28,28,14,0,68.782,1
2016,29,29,15,4,72.771,1
2018,27,27,14,0,68.715,1
2018,27,27,14,0,68.691,1
2018,27,27,14,0,68.623,1
2017,28,28,14,2,70.6,1
2018,27,27,14,0,68.582,1
2018,27,27,14,0,68.436,1
2018,27,27,14,0,68.409,1
2018,27,27,14,0,68.364,1
2018,27,27,14,0,68.327,1
2018,27,27,14,0,68.327,1
2017,28,28,14,2,70.273,1
2018,27,27,14,0,68.273,1
2018,27,27,14,0,68.256,1
2018,27,27,14,0,68.236,1
2018,27,27,14,0,68.182,1
2018,27,27,14,0,68.164,1
2018,27,27,14,0,68.145,1
2017,28,28,14,2,70.127,1
2018,27,27,14,0,68.127,1
2017,28,28,14,2,70.092,1
2018,27,27,14,0,68.091,1
2018,27,27,14,0,68.055,1
2017,28,28,14,2,70.055,1
2018,27,27,14,0,68.055,1
2018,27,27,14,0,68.02,1
2017,28,28,14,2,69.927,1
2018,27,27,14,0,67.873,1
2018,27,27,14,0,67.836,1
2018,27,27,14,0,67.709,1
2016,29,29,14,4,71.688,1
2018,27,27,14,0,67.673,1
2016,29,29,14,4,71.655,1
2017,28,28,14,2,69.636,1
2018,27,27,14,0,67.636,1
2017,28,28,14,2,69.6,1
2108,27,27,14,0,67.578,1
2017,28,28,14,2,69.527,1
2018,27,27,14,0,67.509,1
2018,27,27,14,0,67.509,1
2018,27,27,14,0,67.509,1
2018,27,27,13,0,67.486,1
2018,27,27,13,0,67.4,1
2017,28,28,14,2,69.342,1
2016,29,29,14,4,71.327,1
2018,27,27,13,0,67.182,1
2017,28,28,14,2,69.182,1
2018,27,27,13,0,67.145,1
2017,28,28,14,2,69.099,1
2017,28,28,14,2,69.091,1
2018,27,27,13,0,67.073,1
2017,28,28,14,2,69.036,1
2018,27,27,13,0,66.964,1
2018,27,27,13,0,66.964,1
2018,27,27,13,0,66.927,1
2017,28,28,14,2,68.917,1
2017,28,28,14,2,68.891,1
2018,27,27,13,0,66.873,1
2018,27,27,13,0,66.873,1
2017,28,28,14,2,68.873,1
2018,27,27,13,0,66.855,1
2017,27,27,14,2,68.722,1
2014,30,30,15,8,74.661,1
2018,27,27,13,0,66.655,1
2017,27,27,14,2,68.618,1
2018,27,27,13,0,66.582,1
2018,27,27,13,0,66.564,1
2018,27,27,13,0,66.564,1
2018,27,27,13,0,66.545,1
2018,27,27,13,0,66.545,1
2017,27,27,14,2,68.545,1
2018,27,27,13,0,66.527,1
2018,27,27,13,0,66.527,1
2018,27,27,13,0,66.491,1
2018,27,27,13,0,66.455,1
2018,27,27,13,0,66.4,1
2017,27,27,14,2,68.382,1
2018,27,27,13,0,66.345,1
2017,27,27,14,2,68.34,1
2018,27,27,13,0,66.309,1
2018,27,27,13,0,66.255,1
2018,27,27,13,0,66.255,1
2017,27,27,14,2,68.242,1
2018,26,26,13,0,66.236,1
2018,26,26,13,0,66.218,1
2017,27,27,14,2,68.164,1
2017,27,27,14,2,68.073,1
2017,27,27,14,2,68.072,1
2018,26,26,13,0,66.036,1
2017,27,27,14,2,68,1
2018,26,26,13,0,65.982,1
2015,29,29,14,6,71.963,1
2016,28,28,14,4,69.953,1
2017,27,27,14,2,67.945,1
2017,27,27,14,2,67.945,1
2018,26,26,13,0,65.891,1
2018,26,26,13,0,65.836,1
2017,27,27,14,2,67.8,1
2018,26,26,13,0,65.8,1
2017,27,27,14,2,67.764,1
2018,26,26,13,0,65.691,1
2018,26,26,13,0,65.673,1
2018,26,26,13,0,65.655,1
2016,28,28,14,4,69.615,1
2018,26,26,13,0,65.564,1
2018,26,26,13,0,65.545,1
2017,27,27,14,2,67.527,1
2018,26,26,13,0,65.509,1
2018,26,26,13,0,65.509,1
2018,26,26,13,0,65.491,1
2018,26,26,13,0,65.473,1
2016,28,28,14,4,69.455,1
2018,26,26,13,0,65.436,1
2018,26,26,13,0,65.41,1
2018,26,26,13,0,65.4,1
2018,26,26,13,0,65.291,1
2017,27,27,13,2,67.256,1
2017,27,27,13,2,67.255,1
2018,26,26,13,0,65.218,1
2018,26,26,13,0,65.2,1
2018,26,26,13,0,65.182,1
2018,26,26,13,0,65,1
2018,26,26,13,0,64.945,1
2018,26,26,13,0,64.927,1
2018,26,26,13,0,64.898,1
2018,26,26,13,0,64.855,1
2018,26,26,13,0,64.745,1
2018,26,26,13,0,64.727,1
2017,27,27,13,2,66.704,1
2018,26,26,13,0,64.691,1
2018,26,26,13,0,64.61,1
2016,27,27,14,4,68.545,1
2018,26,26,13,0,64.532,1
2016,27,27,14,4,68.477,1
2018,26,26,13,0,64.455,1
2018,26,26,13,0,64.418,1
2018,26,26,13,0,64.345,1
2018,26,26,13,0,64.345,1
2018,26,26,13,0,64.309,1
2018,26,26,13,0,64.2,1
2018,26,26,13,0,64.164,1
2017,26,26,13,2,66.145,1
2018,26,26,13,0,64.091,1
2018,26,26,13,0,64.073,1
2018,26,26,13,0,64.055,1
2018,26,26,13,0,64.036,1
2013,30,30,15,10,74,1
2017,26,26,13,2,65.889,1
2018,26,26,13,0,63.818,1
2017,26,26,13,2,65.8,1
2018,25,25,13,0,63.706,1
2018,25,25,13,0,63.6,1
2018,25,25,13,0,63.545,1
2018,25,25,13,0,63.491,1
2018,25,25,13,0,63.436,1
2018,25,25,13,0,63.4,1
2018,25,25,13,0,63.327,1
2018,25,25,13,0,63.291,1
2018,25,25,13,0,63.273,1
2018,25,25,13,0,63.273,1
2018,25,25,13,0,63.218,1
2018,25,25,13,0,63.164,1
2018,25,25,13,0,63.145,1
2018,25,25,13,0,63.091,1
2018,25,25,13,0,63.073,1
2018,25,25,13,0,63.073,1
2018,25,25,13,0,62.945,1
2018,25,25,13,0,62.836,1
2018,25,25,13,0,62.818,1
2018,25,25,13,0,62.764,1
2018,25,25,13,0,62.745,1
2018,25,25,13,0,62.709,1
2018,25,25,13,0,62.673,1
2018,25,25,13,0,62.655,1
2018,25,25,13,0,62.618,1
2018,25,25,13,0,62.564,1
2018,25,25,13,0,62.509,1
2017,26,26,13,2,64.4,1
2018,25,25,12,0,62.327,1
2017,26,26,13,2,64.218,1
2017,26,26,13,2,64.218,1
2018,25,25,12,0,62.2,1
2018,25,25,12,0,62.2,1
2017,26,26,13,2,64.164,1
2018,25,25,12,0,62.145,1
2018,25,25,12,0,62.145,1
2018,25,25,12,0,62.145,1
2018,25,25,12,0,62.11,1
2018,25,25,12,0,62.055,1
2018,25,25,12,0,62.036,1
2018,25,25,12,0,61.982,1
2017,26,26,13,2,63.982,1
2017,26,26,13,2,63.964,1
2018,25,25,12,0,61.909,1
2018,25,25,12,0,61.909,1
2016,26,26,13,4,65.8,1
2018,25,25,12,0,61.709,1
2017,25,25,13,2,63.709,1
2018,25,25,12,0,61.673,1
2018,25,25,12,0,61.527,1
2016,25,25,13,2,63.468,1
2018,25,25,12,0,61.4,1
2018,25,25,12,0,61.382,1
2018,25,25,12,0,61.364,1
2018,25,25,12,0,61.327,1
2018,25,25,12,0,61.273,1
2018,25,25,12,0,61.273,1
2018,25,25,12,0,61.273,1
2018,24,24,12,0,61.236,1
2018,24,24,12,0,61.073,1
2018,24,24,12,0,61.018,1
2018,24,24,12,0,61,1
2018,24,24,12,0,60.964,1
2018,24,24,12,0,60.964,1
2018,24,24,12,0,60.964,1
2018,24,24,12,0,60.873,1
2018,24,24,12,0,60.855,1
2018,24,24,12,0,60.855,1
2018,24,24,12,0,60.818,1
2017,25,25,13,2,62.764,1
2018,24,24,12,0,60.764,1
2017,25,25,13,2,62.745,1
2018,24,24,12,0,60.727,1
2018,24,24,12,0,60.709,1
2018,24,24,12,0,60.655,1
2018,24,24,12,0,60.582,1
2018,24,24,12,0,60.582,1
2018,24,24,12,0,60.564,1
2018,24,24,12,0,60.545,1
2018,24,24,12,0,60.527,1
2018,24,24,12,0,60.527,1
2017,25,25,13,2,62.509,1
2017,25,25,12,2,62.356,1
2018,24,24,12,0,60.309,1
2018,24,24,12,0,60.273,1
2017,25,25,12,2,62.255,1
2018,24,24,12,0,60.236,1
2018,24,24,12,0,60.164,1
2014,27,27,14,8,68.137,1
2016,26,26,13,4,64.128,1
2018,24,24,12,0,60.127,1
2018,24,24,12,0,60.073,1
2018,24,24,12,0,60.036,1
2018,24,24,12,0,60.018,1
2018,24,24,12,0,59.982,0
2018,24,24,12,0,59.945,0
2018,24,24,12,0,59.927,0
2017,25,25,12,2,61.909,1
2018,24,24,12,0,59.873,0
2018,24,24,12,0,59.836,0
2018,24,24,12,0,59.8,0
2015,26,26,13,6,65.761,1
2018,24,24,12,0,59.709,0
2018,24,24,12,0,59.709,0
2018,24,24,12,0,59.706,0
2018,24,24,12,0,59.636,0
2018,24,24,12,0,59.582,0
2018,24,24,12,0,59.582,0
2018,24,24,12,0,59.564,0
2018,24,24,12,0,59.527,0
2017,25,25,12,2,61.491,1
2018,24,24,12,0,59.319,0
2018,24,24,12,0,59.236,0
2018,24,24,12,0,59.218,0
2017,24,24,12,2,61.153,1
2018,24,24,12,0,59.145,0
2018,24,24,12,0,59.127,0
2018,24,24,12,0,59.127,0
2018,24,24,12,0,59.018,0
2018,24,24,12,0,58.982,0
2018,24,24,12,0,58.964,0
2018,24,24,12,0,58.873,0
2017,24,24,12,2,60.873,1
2018,24,24,12,0,58.818,0
2018,24,24,12,0,58.818,0
2018,23,23,12,0,58.745,0
2018,23,23,12,0,58.582,0
2018,23,23,12,0,58.509,0
2018,23,23,12,0,58.473,0
2017,24,24,12,2,60.473,1
2018,23,23,12,0,58.455,0
2018,23,23,12,0,58.309,0
2018,23,23,12,0,58.309,0
2018,23,23,12,0,58.309,0
2017,24,24,12,2,60.2,1
2018,23,23,12,0,58.091,0
2018,23,23,12,0,58.055,0
2017,24,24,12,2,60.018,1
2018,23,23,12,0,58.018,0
2018,23,23,12,0,58,0
2018,23,23,12,0,58,0
2018,23,23,12,0,57.945,0
2018,23,23,12,0,57.855,0
2018,23,23,12,0,57.836,0
2018,23,23,12,0,57.8,0
2017,24,24,12,2,59.764,0
2018,23,23,12,0,57.764,0
2018,23,23,12,0,57.673,0
2018,23,23,12,0,57.673,0
2018,23,23,12,0,57.65,0
2018,23,23,12,0,57.636,0
2018,23,23,12,0,57.564,0
2018,23,23,12,0,57.564,0
2018,23,23,11,0,57.255,0
2018,23,23,11,0,57.255,0
2018,23,23,11,0,57.127,0
2018,23,23,11,0,57.091,0
2018,23,23,11,0,57.055,0
2018,23,23,11,0,57.018,0
2018,23,23,11,0,57,0
2018,23,23,11,0,57,0
2018,23,23,11,0,56.964,0
2015,25,25,13,6,62.94,1
2017,24,24,12,2,58.891,0
2018,23,23,11,0,56.881,0
2015,25,25,13,6,62.881,1
2018,23,23,11,0,56.873,0
2018,23,23,11,0,56.818,0
2018,23,23,11,0,56.691,0
2018,23,23,11,0,56.667,0
2018,23,23,11,0,56.618,0
2018,23,23,11,0,56.545,0
2018,23,23,11,0,56.527,0
2018,23,23,11,0,56.491,0
2018,23,23,11,0,56.44,0
2018,23,23,11,0,56.4,0
2018,23,23,11,0,56.364,0
2018,23,23,11,0,56.364,0
2018,23,23,11,0,56.345,0
2017,23,23,12,2,58.294,0
2018,23,23,11,0,56.254,0
2018,22,22,11,0,56.055,0
2018,22,22,11,0,56.018,0
2018,22,22,11,0,55.982,0
2018,22,22,11,0,55.982,0
2018,22,22,11,0,55.964,0
2016,24,24,12,4,59.945,0
2018,22,22,11,0,55.909,0
2018,22,22,11,0,55.873,0
2018,22,22,11,0,55.873,0
2017,23,23,12,2,57.855,0
2018,22,22,11,0,55.745,0
2018,22,22,11,0,55.709,0
2018,22,22,11,0,55.691,0
2018,22,22,11,0,55.582,0
2018,22,22,11,0,55.418,0
2018,22,22,11,0,55.382,0
2018,22,22,11,0,55.309,0
2018,22,22,11,0,55.284,0
2017,23,23,11,2,57.218,0
2018,22,22,11,0,55.2,0
2017,23,23,11,2,57.182,0
2018,22,22,11,0,55.182,0
2018,22,22,11,0,55.073,0
2018,22,22,11,0,55.018,0
2018,22,22,11,0,55.018,0
2018,22,22,11,0,54.982,0
2017,23,23,11,2,56.954,0
2018,22,22,11,0,54.891,0
2018,22,22,11,0,54.873,0
2018,22,22,11,0,54.873,0
2018,22,22,11,0,54.855,0
2018,22,22,11,0,54.836,0
2018,22,22,11,0,54.727,0
2018,22,22,11,0,54.655,0
2018,22,22,11,0,54.624,0
2018,22,22,11,0,54.618,0
2018,22,22,11,0,54.564,0
2018,22,22,11,0,54.509,0
2018,22,22,11,0,54.455,0
2018,22,22,11,0,54.4,0
2018,22,22,11,0,54.327,0
2017,22,22,11,2,56.218,0
2018,22,22,11,0,54.164,0
2018,22,22,11,0,54.109,0
2018,22,22,11,0,54.109,0
2018,22,22,11,0,53.927,0
2018,22,22,11,0,53.855,0
2017,22,22,11,2,55.818,0
2018,22,22,11,0,53.782,0
2018,22,22,11,0,53.764,0
2018,21,21,11,0,53.655,0
2018,21,21,11,0,53.636,0
2018,21,21,11,0,53.636,0
2018,21,21,11,0,53.6,0
2017,22,22,11,2,55.491,0
2017,22,22,11,2,55.436,0
2016,23,23,11,4,57.327,0
2018,21,21,11,0,53.2,0
2018,21,21,11,0,53.182,0
2016,23,23,11,4,57.164,0
2017,21,21,11,0,52.927,0
2018,21,21,11,0,52.782,0
2018,21,21,11,0,52.727,0
2018,21,21,11,0,52.691,0
2018,21,21,11,0,52.636,0
2018,21,21,11,0,52.6,0
2018,21,21,10,0,52.459,0
2018,21,21,10,0,52.4,0
2018,21,21,10,0,52.345,0
2018,21,21,10,0,52.291,0
2018,21,21,10,0,52.273,0
2017,22,22,11,2,54.2,0
2017,22,22,11,2,54.165,0
2017,22,22,11,2,53.964,0
2017,22,22,11,2,53.909,0
2015,23,23,12,6,57.89,0
2018,21,21,10,0,51.873,0
2017,21,21,11,2,53.743,0
2018,21,21,10,0,51.709,0
2017,21,21,11,2,53.527,0
2018,21,21,10,0,51.509,0
2018,21,21,10,0,51.491,0
2018,21,21,10,0,51.473,0
2016,22,22,11,4,55.455,0
2017,21,21,11,2,53.418,0
2018,21,21,10,0,51.4,0
2016,22,22,11,4,55.364,0
2017,21,21,10,0,51.255,0
2017,21,21,11,2,53.036,0
2016,22,22,11,4,54.964,0
2016,22,22,11,4,54.927,0
2018,20,20,10,0,50.855,0
2018,20,20,10,0,50.844,0
2017,21,21,11,2,52.673,0
2018,20,20,10,0,50.673,0
2018,20,20,10,0,50.436,0
2017,21,21,10,2,52.327,0
2018,20,20,10,0,50.273,0
2018,20,20,10,0,50.218,0
2018,20,20,10,0,50.164,0
2018,20,20,10,0,49.909,0
2016,22,22,11,4,53.836,0
2017,21,21,10,2,51.545,0
2017,21,21,10,2,51.418,0
2017,20,20,10,0,49.4,0
2018,20,20,10,0,49.321,0
2017,20,20,10,2,51.101,0
2018,20,20,10,0,48.818,0
2018,19,19,10,0,48.673,0
2016,21,21,11,4,52.636,0
2018,19,19,10,0,48.6,0
2018,19,19,10,0,48.182,0
2018,19,19,10,0,48.127,0
2018,19,19,10,0,48.109,0
2018,19,19,10,0,47.945,0
2018,19,19,10,0,47.691,0
2018,19,19,9,0,47.436,0
2016,20,20,10,4,50.844,0
2018,19,19,9,0,46.782,0
2018,18,18,9,0,46.236,0
2005,18,18,9,0,46.21,0
2014,22,22,11,8,54.055,0
2018,37.63636364,35.52727273,12.8,0,83.13,1
2018,36.21818182,36.36363636,11.6,0,83.02,1
2018,34.72727273,35.34545455,12,0,81.67,1
2018,34.29090909,34.94545455,12,0,80.96,1
2018,35.49090909,32.61818182,15.2,0,80.89,1
2018,35.89090909,34.65454545,12.8,2,79.9,1
2018,38.83636364,33.92727273,11.6,0,79.51,1
2018,37.81818182,35.38181818,10.4,0,79.39,1
2018,37.49090909,34.69090909,11.6,0,79.09,1
2018,35.67272727,34.32727273,10.8,0,78.78,1
2018,35.2,34.76363636,12,2,77.59,1
2018,36.98181818,31.01818182,14,2,76.99,1
2018,33.23636364,31.85454545,12.4,0,76.87,1
2018,33.34545455,32.36363636,12.8,0,76.18,1
2018,34.76363636,32.54545455,11.6,0,76.15,1
2018,34.4,34.25454545,9.2,0,75.83,1
2018,33.78181818,33.09090909,10.4,0,75.79,1
2018,25.49090909,32.18181818,12.4,0,75.63,1
2018,35.92727273,29.85454545,13.2,0,75.19,1
2018,33.67272727,31.45454545,12,0,74.84,1
2018,35.6,31.30909091,10.8,0,74.53,1
2018,34.47272727,30.98181818,12,0,74.46,1
2018,35.96363636,33.34545455,10,0,74.27,1
2018,24.8,33.30909091,11.2,0,74.15,1
2018,32.94545455,34.8,9.2,0,74.05,1
2018,36.83636364,30.94545455,10.4,0,73.85,1
2018,33.63636364,33.01818182,9.2,0,73.83,1
2018,33.71428571,33.23636364,8.8,0,73.57,1
2018,32.21818182,30.54545455,11.6,0,73.48,1
2018,33.01818182,32.03636364,10,0,73.44,1
2018,35.01818182,33.49090909,8,0,73.18,1
2018,30.98181818,33.16363636,9.2,0,73.11,1
2018,34.32727273,32.32727273,10.8,2,73.09,1
2018,31.89090909,33.6,8.4,0,72.84,1
2018,34.47272727,33.56363636,7.6,0,72.49,1
2018,31.49090909,31.16363636,11.2,0,72.47,1
2018,36.76363636,31.67272727,10.4,2,72.43,1
2018,33.23636364,33.34545455,8,0,72.35,1
2018,34.10909091,32.50909091,8.4,0,72.09,1
2018,28.50909091,32.50909091,9.6,0,71.93,1
2018,28.54545455,33.34545455,8.8,0,71.91,1
2018,32.25454545,31.27272727,11.2,0,71.87,1
2018,31.05454545,31.78181818,11.2,2,71.78,1
2018,30.85714286,32,9.2,0,71.44,1
2018,35.41818182,32.72727273,8.8,0,71.41,1
2018,34.50909091,33.2,7.2,0,71.39,1
2018,29.89090909,31.34545455,10,0,71.38,1
2018,30.54545455,30.47272727,13.2,4,71.37,1
2018,32.50909091,30.61818182,11.6,2,71.26,1
2018,35.49090909,32.54545455,8,0,71,1
2018,34.8,30.94545455,9.6,0,70.92,1
2018,33.78181818,30.03636364,10,0,70.91,1
2018,37.78181818,33.6,8,2,70.86,1
2018,37.34545455,31.2,8,0,70.79,1
2018,35.01818182,31.89090909,9.2,0,70.7,1
2018,35.70909091,30.25454545,10.8,2,70.67,1
2018,35.2,31.01818182,8.4,0,70.38,1
2018,30.87272727,31.16363636,9.2,0,70.27,1
2018,34.03636364,31.2,8.4,0,70.23,1
2018,23.89090909,31.33333333,12,0,70.23,1
2018,34.36363636,31.81818182,8.4,0,70.19,1
2018,26.72727273,31.76666667,10,0,69.85,1
2018,32.8,32.43636364,7.2,0,69.73,1
2018,32.65454545,30.72727273,8.8,0,69.68,1
2018,32.43636364,27.89090909,12.8,0,69.6,1
2018,24.8,30.90909091,10.4,0,69.59,1
2018,34.94545455,31.2,8.4,0,69.53,1
2018,33.78181818,28.21818182,11.2,0,69.15,1
2018,34,24.25454545,14.8,0,69.07,1
2018,37.01818182,31.09090909,7.6,0,68.9,1
2018,31.38181818,30.58181818,9.6,2,68.83,1
2018,30.69090909,25.41818182,13.6,0,68.76,1
2018,33.23636364,32.07272727,10,4,68.73,1
2018,36.43636364,31.2,6.8,0,68.67,1
2018,25.2,31.38181818,9.2,0,68.59,1
2018,29.45454545,27.41818182,12.4,0,68.31,1
2018,26.03636364,32.4,9.2,0,68.27,1
2018,26.8,33.63636364,6.4,0,68.11,1
2018,33.74545455,31.41818182,6.8,0,68.03,1
2018,31.51111111,26.98181818,12.8,0,68,1
2018,33.81818182,30.90909091,7.2,0,67.95,1
2018,31.52727273,25.85454545,12.4,0,67.87,1
2018,33.45454545,30.87272727,7.2,0,67.77,1
2018,27.02222222,25.16363636,14,0,67.72,1
2018,34.69090909,28.47272727,10.4,0,67.6,1
2018,25.70909091,30.50909091,9.2,0,67.55,1
2018,34.32727273,28.58181818,9.6,0,67.45,1
2018,24.4,31.23333333,10,0,67.27,1
2018,26.98181818,31.27272727,8,0,67.26,1
2018,34.94545455,30.07272727,7.2,0,67.17,1
2018,33.6,31.23636364,6.4,0,67.13,1
2018,32.99047619,27.52727273,10,0,67.12,1
2018,34.76363636,28.14545455,9.6,0,66.99,1
2018,33.27272727,28.21818182,9.2,0,66.99,1
2018,32.83636364,30.18181818,8.8,0,66.95,1
2018,29.89090909,28.58181818,11.2,2,66.89,1
2018,34.97142857,27.89090909,10.4,0,66.89,1
2018,36,30.29090909,7.2,0,66.83,1
2018,29.6,29.78181818,8.4,0,66.69,1
2018,34.03636364,28.14545455,8.8,0,66.55,1
2018,34.32727273,28.90909091,8,0,66.52,1
2018,32.83636364,29.16363636,8,0,66.36,1
2018,21.92941176,26.87272727,13.6,2,66.33,1
2018,30.4,27.41818182,10.8,0,66.24,1
2018,33.38181818,26.21818182,11.2,0,66.21,1
2018,21.63809524,28.07272727,12.4,2,66.11,1
2018,33.23636364,30.29090909,8,0,66.04,1
2018,32.54545455,30.69090909,6.4,0,65.99,0
2018,33.2,26.07272727,11.2,0,65.94,0
2018,34.10909091,28.4,10.4,2,65.9,0
2018,37.63636364,34.36363636,12.4,0,79.88,1
2018,35.6,33.74545455,12.8,2,77.5,1
2018,33.92727273,28.58181818,14.8,4,72.31,1
2018,34.58181818,29.6,10.8,0,70.76,1
2018,28.87272727,30.98181818,9.6,0,69.92,1
2018,30.43636364,28.69090909,13.2,2,69.22,1
2018,23.45454545,32.03636364,8.4,0,67.7,1
2018,27.6,30.47272727,8.8,0,67.56,1
2018,23.41818182,29.41818182,10.4,0,67.02,1
2018,25.09090909,28.58181818,10,0,65.83,0
2018,33.96363636,30.07272727,7.2,0,65.81,0
2018,23.96363636,30.54545455,8.4,0,65.79,0
2018,31.12727273,30,7.2,0,65.73,0
2018,24.90909091,29.30909091,9.2,0,65.59,0
2018,29.05454545,28.43636364,10.4,0,65.58,0
2018,28.18181818,29.93333333,9.2,0,65.57,0
2018,27.27272727,31.27272727,6.8,0,65.56,0
2018,31.92727273,28.8,8,0,65.53,0
2018,31.05454545,29.78181818,7.2,0,65.4,0
2018,28.32727273,29.56363636,8,0,65.34,0
2018,25.56363636,30.65454545,7.6,0,65.3,0
2018,31.12727273,26.29090909,11.2,2,65.14,0
2018,32.50909091,28.8,7.6,0,65.13,0
2018,32.87272727,29.38181818,7.6,0,65.06,0
2018,33.89090909,28.50909091,8.8,0,64.97,0
2018,29.78181818,24.61818182,12,0,64.93,0
2018,34.07272727,31.23636364,4.8,0,64.89,0
2018,32.07619048,29.30909091,8.4,0,64.86,0
2018,28.69090909,28.32727273,8,0,64.75,0
2018,34.14545455,27.52727273,8.8,0,64.71,0
2018,29.85454545,25.67272727,12.4,2,64.61,0
2018,29.01818182,31.81818182,5.2,0,64.54,0
2018,28.69090909,26.87272727,9.2,0,64.52,0
2018,36.36363636,24.98181818,11.2,0,64.5,0
2018,35.49090909,32.54545455,8,0,71,1
2018,26.8,33.63636364,6.4,0,68.11,1
2018,33.45454545,30.87272727,7.2,0,67.77,1
2018,33.38181818,26.21818182,11.2,0,66.21,1
2018,26.76363636,31.18873239,7.6,0,64.43,0
2018,25.52727273,31.2,6.4,0,64.25,0
2018,34.78095238,24.87272727,10.8,0,64.21,0
2018,28.72727273,26.94545455,11.2,2,64.2,0
2018,35.38181818,28.25454545,6.8,0,64.18,0
2018,26.87272727,31.23636364,6,0,64.17,0
2018,30.69090909,28.14545455,9.6,2,64.16,0
2018,31.05454545,27.89090909,8.8,0,64.13,0
2018,27.45454545,27.49090909,11.6,2,64.1,0
2018,21.27272727,28.25454545,10,0,64.04,0
2018,36.72727272,36.72727272,18.36363636,0,91.8181818,1
2018,36.72727272,36.72727272,18.36,0,91.8181818,1
2018,36.72,36.72,18.36,0,91.8,1
2018,36.72,36.72,18.36,0,91.8,1
2018,36.72,36.72,18.35963302,0,91.8,1
2018,36.71926604,36.71926604,18.35636364,0,91.7981651,1
2018,36.71272728,36.71272728,18.35636364,0,91.7818182,1
2018,36.71272728,36.71272728,18.35636364,0,91.7818182,1
2018,36.71272728,36.71272728,18.35636364,0,91.7818182,1
2018,36.71272728,36.71272728,18.35636364,0,91.7818182,1
2018,36.71272728,36.71272728,18.35636364,0,91.7818182,1
2018,36.71272728,36.71272728,18.3559633,0,91.7818182,1
2018,36.7119266,36.7119266,18.35272728,0,91.7798165,1
2018,36.70545456,36.70545456,18.3490909,0,91.7636364,1
2018,36.6981818,36.6981818,18.3490909,0,91.7454545,1
2018,36.6981818,36.6981818,18.3490909,0,91.7454545,1
2018,36.6981818,36.6981818,18.34545454,0,91.7454545,1
2018,36.69090908,36.69090908,18.34545454,0,91.7272727,1
2018,36.69090908,36.69090908,18.34181818,0,91.7272727,1
2018,36.68363636,36.68363636,18.34181818,0,91.7090909,1
2018,36.68363636,36.68363636,18.34181818,0,91.7090909,1
2018,36.68363636,36.68363636,18.33818182,0,91.7090909,1
2018,36.67636364,36.67636364,18.33818182,0,91.6909091,1
2018,36.67636364,36.67636364,18.33818182,0,91.6909091,1
2018,36.67636364,36.67636364,18.33818182,0,91.6909091,1
2018,36.67636364,36.67636364,18.33454546,0,91.6909091,1
2018,36.66909092,36.66909092,18.33454546,0,91.6727273,1
2018,36.66909092,36.66909092,16.8946,0,91.6727273,1
2018,0,71.273,13.2,0,84.473,1
2018,0,68.218,14.2,0,82.418,1
2018,0,69.018,12.6,0,81.618,1
2017,0,67.055,13.4,2,80.455,1
2018,0,66.982,13.4,0,80.382,1
2018,0,66.182,14,0,80.182,1
2018,0,66.909,13.2,0,80.109,1
2017,0,68.436,11.6,2,80.036,1
2018,0,66.545,13.4,0,79.945,1
2018,0,65.673,13.6,0,79.273,1
2018,0,67.636,11.4,0,79.036,1
2018,0,64.145,14.2,0,78.345,1
2018,0,66.109,12.2,0,78.309,1
2017,0,64.145,13.6,2,77.745,1
2018,0,61.818,15.8,0,77.618,1
2018,0,66.4,11.2,0,77.6,1
2017,0,66.109,11.2,2,77.309,1
2017,0,61.455,15.6,2,77.055,1
2018,0,64.364,12.4,0,76.764,1
2018,0,64.727,12,0,76.727,1
2017,0,60.323,9.324,2,67.647,0
2018,0,56.32,12.8,0,69.12,0
2018,0,59.6,10.21,0,69.81,0
2016,0,50.5,12,4,58.5,0
2018,0,55,7,0,57,0
2018,0,54,10,0,64,0
2016,0,52,8.8,4,56.8,0
2017,0,42,11,0,56.8,0
2018,0,60,10,0,56.8,0
2018,0,55,11,0,56.8,0
2018,0,45,12,0,56.8,0
2017,4,50,10,2,54.8,0
2018,0,67.273,15.6,0,82.873,1
2018,0,68.218,14.2,0,82.418,1
2018,0,67.855,14.4,0,82.255,1
2017,0,68.436,11.6,2,80.036,1
2018,0,65.673,13.6,0,79.273,1
2017,0,65.6,13.2,2,78.8,1
2018,0,64.145,14.2,0,78.345,1
2018,0,65.455,12.6,0,78.055,1
2017,0,66.109,11.2,2,77.309,1
2018,0,64.727,12,0,76.727,1
2018,0,66.109,10.4,0,76.509,1
2018,0,62.836,13.6,0,76.436,1
2018,0,64.073,12.2,0,76.273,1
2018,0,63.782,12.2,0,75.982,1
2018,0,64,11.8,0,75.8,1
2018,0,63.855,11.8,0,75.655,1
2018,0,61.018,14.4,0,75.418,1
2018,0,63.491,11.6,0,75.091,1
2018,0,63.564,11.4,0,74.964,1
2018,0,62.109,12.8,0,74.909,1
2018,0,63.345,10.2,0,73.545,1
2018,0,62.545,10.4,0,72.945,1
2018,0,60.734,9.2,0,69.934,1
2018,0,59.671,9.2,0,68.871,1
2018,0,54.909,9.6,0,64.509,1
2018,0,55.855,8.4,0,64.255,1
2018,0,54.618,8.6,0,63.218,1
2018,0,53.891,8.8,0,62.691,1
2017,0,52.291,10.4,2,62.691,1
2018,0,52.145,10.2,0,62.345,1
2018,0,51.927,10.2,0,62.127,1
2018,0,49.964,11.8,0,61.764,1
2018,0,50.909,10.8,0,61.709,1
2018,0,48.945,12.6,0,61.545,1
2018,0,50.618,9.8,0,60.418,1
2018,0,51.636,8.6,0,60.236,1
2017,0,50.473,9.6,2,60.073,1
2018,0,50.327,8.8,0,59.127,1
2018,0,49.527,9.2,0,58.727,1
2018,0,49.964,8.6,0,58.564,1
2017,0,49.455,8.6,2,58.055,1
2018,0,48.727,9.2,0,57.927,1
2018,0,47.273,10,0,57.273,1
2018,0,46.109,10.2,0,56.309,1
2018,0,47.709,8.4,0,56.109,1
2018,0,45,10,0,55,1
2018,0,30,12,0,42,0
2017,0,34,10,2,42,0
2018,0,33,8,0,31,0
2018,0,40,12,0,52,1
2018,0,55,14,0,59,1
2017,0,48,15,2,61,1
2018,0,54,9,0,63,1
2018,0,32,10,0,42,0
2018,0,55,14,0,69,1
2018,0,31,11,0,42,0
2018,0,59,7,0,66,1
2018,0,21,8,0,29,0
2018,0,44,3,0,47,0
2018,0,38,8,0,46,0
2018,0,47,4,0,51,1
2018,0,31,3,0,34,0
2017,0,51,9,2,58,1
2016,0,43,10,4,49,0
2018,0,41,11,0,52,1
2018,0,36,12,0,48,0
2018,0,54,16,0,70,1
2018,0,37,9,0,46,0
2018,0,42,7,0,49,0
2018,0,48,10,0,58,1
2018,0,39,12,0,51,1
2018,0,41,16,0,57,1
2017,0,38,13,2,51,1
2018,0,50,14,0,64,1
2018,0,40,19,0,59,1
2018,0,31,8,0,39,0
2018,0,29,5,0,34,0
2016,0,22,12,4,30,0
2016,0,33,12,4,41,0
2018,0,34,11,0,45,0
2018,0,47,14,0,61,1
2018,0,33,15,0,48,0
2018,0,28,10,0,38,0
2017,0,31,9,2,38,0
2018,0,44,8,0,52,1
2018,0,79.90909091,12.6,0,92.50909091,1
2016,0,78.09090909,14,4,92.09090909,1
2018,0,74.09090909,15.2,0,89.29090909,1
2018,0,79.90909091,12.6,0,92.50909091,1
2018,0,78.09090909,14,0,92.09090909,1
2018,0,74.09090909,15.2,0,89.29090909,1
2018,0,76.72727273,9.2,0,85.92727273,1
2018,0,75.27272727,11.8,0,87.07272727,1
2018,0,74.72727273,8.4,0,83.12727273,1
2018,0,72.09090909,9.2,0,81.29090909,1
2016,0,69.63636364,11.8,4,81.43636364,1
2018,0,69.36363636,12,0,81.36363636,1
2018,0,68,11.2,0,79.2,1
2017,0,213.1818182,10.6,2,223.7818182,1
2018,0,67.18181818,10.8,0,77.98181818,1
2018,0,62.90909091,13.8,0,76.70909091,1
2018,0,66.27272727,10.4,0,76.67272727,1
2018,0,65.18181818,11.8,0,76.98181818,1
2018,0,63.36363636,12.8,0,76.16363636,1
2018,0,62.18181818,10.8,0,72.98181818,1
2018,0,85.90909091,0,0,85.90909091,1
2018,0,81.18181818,0,0,81.18181818,1
2018,0,78.18181818,0,0,78.18181818,1
2018,0,78.09090909,0,0,78.09090909,1
2018,0,77.63636364,0,0,77.63636364,1
2018,0,77.63636364,0,0,77.63636364,1
2017,0,75.18181818,0,2,75.18181818,1
2016,0,74.63636364,0,4,74.63636364,1
2018,0,74.18181818,0,0,74.18181818,1
2018,0,73.90909091,0,0,73.90909091,1
2018,0,73.72727273,0,0,73.72727273,1
2018,0,73.27272727,0,0,73.27272727,1
2018,0,72.72727273,0,0,72.72727273,1
2015,0,72.54545455,0,6,72.54545455,1
2018,0,71.81818182,0,0,71.81818182,1
2018,0,71.81818182,0,0,71.81818182,1
2018,0,71.02372727,0,0,71.02372727,1
2018,0,70.54545455,0,0,70.54545455,1
2018,0,70,0,0,70,1
2018,0,69.18181818,0,0,69.18181818,1
2018,0,58.1048,14.5262,0,72.631,1
2018,0,57.7456,14.4364,0,72.182,1
2018,0,57.3088,14.3272,0,71.636,1
2018,0,56.8192,14.2048,0,71.024,1
2018,0,56.2536,14.0634,0,70.317,1
2018,0,55.5224,13.8806,0,69.403,1
2018,0,55.4912,13.8728,0,69.364,1
2017,0,55.0544,13.7636,2,68.818,1
2018,0,53.9696,13.4924,0,67.462,1
2016,0,53.5272,13.3818,4,66.909,1
2017,0,53.1016,13.2754,2,66.377,1
2018,0,53.0184,13.2546,0,66.273,1
2018,0,52.6544,13.1636,0,65.818,1
2018,0,52.5816,13.1454,0,65.727,1
2015,0,52.364,13.091,6,65.455,1
2018,0,51.2728,12.8182,0,64.091,1
2018,0,50.764,12.691,0,63.455,1
2018,0,50.6184,12.6546,0,63.273,1
2018,0,50.2544,12.5636,0,62.818,1
2018,0,50.1088,12.5272,0,62.636,1
2018,0,68.4,14,0,82.4,1
2018,0,66.83076923,14.8,0,81.63076923,1
2017,0,60.87272727,15.2,2,76.07272727,1
2018,0,59.97714286,12.2,0,72.17714286,1
2016,0,58.90909091,15,4,73.90909091,1
2018,0,57.81818182,15.4,0,73.21818182,1
2018,0,56.87272727,13.6,0,70.47272727,1
2018,0,56.07272727,14.4,0,70.47272727,1
2018,0,54.98181818,17,0,71.98181818,1
2016,0,56.02285714,14.8,4,70.82285714,1
2017,0,53.30909091,15.2,2,68.50909091,1
2018,0,54.4,14.4,0,68.8,1
2018,0,53.81818182,15,0,68.81818182,1
2018,0,54.33333333,12.4,0,66.73333333,1
2018,0,51.41818182,16,0,67.41818182,1
2018,0,53.45454545,13.6,0,67.05454545,1
2018,0,53.90422535,11.6,0,65.50422535,1
2018,0,53.01818182,13.6,0,66.61818182,1
2018,0,52.58181818,14.6,0,67.18181818,1
2018,0,52.58181818,14.2,0,66.78181818,1
2018,0,50.4,13.4,0,63.8,1
2017,0,51.34545455,15.2,2,66.54545455,1
2018,0,50.90909091,15.4,0,66.30909091,1
2018,0,50.47272727,15.4,0,65.87272727,1
2018,0,49.6,14.4,0,64,1
2018,0,49.81818182,13.2,0,63.01818182,1
2018,0,49.45454545,13.6,0,63.05454545,1
2017,0,50.18181818,12.2,2,62.38181818,1
2018,0,48.21818182,16.6,0,64.81818182,1
2018,0,48.29090909,15.6,0,63.89090909,1
2018,0,47.85454545,14.8,0,62.65454545,1
2018,0,48.43636364,13,0,61.43636364,1
2017,0,47.49090909,13.8,2,61.29090909,1
2018,0,46.98181818,13.8,0,60.78181818,1
2018,0,46.18181818,13,0,59.18181818,0
2016,0,45.6,15.2,4,60.8,0
2019,0,45.16363636,13.2,0,58.36363636,0
2018,0,44.8,14.8,0,59.6,0
2018,0,45.81818182,10.2,0,56.01818182,0
2018,0,43.63636364,16.2,0,59.83636364,0
2018,0,70.836,13.6,0,84.436,1
2017,0,65.745,14.6,2,80.345,1
2018,0,66.909,13.2,0,80.109,1
2017,0,65.673,14.4,2,80.073,1
2017,0,66.473,12.6,2,79.073,1
2018,0,64.436,14.6,0,79.036,1
2017,0,66.182,12.8,2,78.982,1
2018,0,65.527,12.8,0,78.327,1
2018,0,64.8,12,0,76.8,1
2018,0,62.982,13.8,0,76.782,1
2018,0,63.636,12.6,0,76.236,1
2018,0,66.909,9.2,0,76.109,1
2018,0,64.073,12,0,76.073,1
2018,0,63.782,12.2,0,75.982,1
2018,0,62.109,13.8,0,75.909,1
2018,0,62.618,13.2,0,75.818,1
2018,0,64,11.8,0,75.8,1
2018,0,61.018,14.4,0,75.418,1
2018,0,61.818,13.2,0,75.018,1
2018,0,66.764,8.2,0,74.964,1
2018,0,62.618,12,0,74.618,1
2018,0,63.927,10.6,0,74.527,1
2018,0,62.4,12,0,74.4,1
2017,0,60.436,13.8,2,74.236,1
2018,0,64.509,9.6,0,74.109,1
2018,0,62.909,11.2,0,74.109,1
2018,0,59.418,14.6,0,74.018,1
2018,0,61.018,12.8,0,73.818,1
2018,0,62.473,11,0,73.473,1
2018,0,61.527,11.8,0,73.327,1
2018,0,63.418,9.8,0,73.218,1
2017,0,63.564,9.6,2,73.164,1
2018,0,62.523,10.6,0,73.123,1
2018,0,60.509,12.6,0,73.109,1
2018,0,63.865,9.2,0,73.065,1
2018,0,62.545,10.4,0,72.945,1
2018,0,63.362,9.2,0,72.562,1
2018,0,59.636,12.8,0,72.436,1
2017,0,62.691,9.6,2,72.291,1
2018,0,59.418,12.6,0,72.018,1
2018,0,74.25454545,16.5272,0,90.78174545,1
2017,0,73.01818182,16.909,2,89.92718182,1
2016,0,73.81818182,16.0728,4,89.89098182,1
2017,0,73.09090909,16.9818,2,90.07270909,1
2018,0,71.63636364,16.7454,0,88.38176364,1
2018,0,72.21818182,14.9636,0,87.18178182,1
2018,0,72,15.2,0,87.2,1
2018,0,71.27272727,16.9636,0,88.23632727,1
2018,0,73.74545455,10,0,83.74545455,1
2018,0,71.49090909,16.0546,0,87.54550909,1
2018,0,71.12727273,17.0364,0,88.16367273,1
2018,0,71.49090909,15.4,0,86.89090909,1
2017,0,71.12727273,17.3454,0,88.47267273,1
2018,0,70.54545455,17.5636,0,88.10905455,1
2017,0,71.78181818,14.4,2,86.18181818,1
2018,0,70.76363636,15.9636,0,86.72723636,1
2018,0,70.90909091,15.4,0,86.30909091,1
2018,0,70.83636364,15.6,0,86.43636364,1
2018,0,70.69090909,15.8182,0,86.50910909,1
2018,0,70.69090909,15.6,0,86.29090909,1
2017,0,71.63636364,12,2,83.63636364,1
2018,0,68.94545455,12.2,0,81.14545455,1
2018,0,69.52727273,13.4,0,82.92727273,1
2018,0,69.09090909,13.6,0,82.69090909,1
2018,0,69.45454545,11.4,0,80.85454545,1
2017,0,68,16,2,84,1
2018,0,67.63636364,15.6,0,83.23636364,1
2018,0,69.09090909,10.4,0,79.49090909,1
2018,0,67.05454545,15.6,0,82.65454545,1
2018,0,67.85454545,12.8,0,80.65454545,1
2018,0,66.83636364,15.2,0,82.03636364,1
2018,0,67.34545455,13.4,0,80.74545455,1
2018,0,67.34545455,12.4,0,79.74545455,1
2018,0,67.92727273,10,0,77.92727273,1
2017,0,66.32727273,15.2,2,81.52727273,1
2016,0,67.56363636,11.8,4,79.36363636,1
2018,0,65.89090909,13.4,0,79.29090909,1
2018,0,66.32727273,11.6,0,77.92727273,1
2018,0,65.89090909,12.8,0,78.69090909,1
2016,0,66.98181818,10.8,4,77.78181818,1
2018,0,66.18181818,10.8,0,76.98181818,1
2018,0,65.52727273,12.6,0,78.12727273,1
2018,0,64.21818182,12.2,0,76.41818182,1
2018,0,64.21818182,12.2,0,76.41818182,1
2018,0,65.67272727,12,0,77.67272727,1
2018,0,65.01818182,13.2,0,78.21818182,1
2017,0,66.25454545,10.4,2,76.65454545,1
2018,0,64.50909091,14.2,0,78.70909091,1
2018,0,65.81818182,10.4,0,76.21818182,1
2018,0,65.30909091,11.8,0,77.10909091,1
2018,0,64.65454545,13.4,0,78.05454545,1
2018,0,64.21818182,14.6,0,78.81818182,1
2018,0,64.87272727,12.6,0,77.47272727,1
2018,0,64.72727273,12.6,0,77.32727273,1
2018,0,64.07272727,14.4,0,78.47272727,1
2018,0,64,10.6,0,74.6,1
2017,0,66.10909091,9.6,2,73.70909091,1
2018,0,65.45454545,10.4,0,75.85454545,1
2018,0,65.16363636,10.8,0,75.96363636,1
2018,0,64.58181818,12.4,0,76.98181818,1
2018,0,64.43636364,12.2,0,76.63636364,1
2018,0,64.21818182,12.6,0,76.81818182,1
2018,0,64.65454545,10.8,0,75.45454545,1
2018,0,64.14545455,12.2,0,76.34545455,1
2018,0,63.49090909,13.8,0,77.29090909,1
2018,0,63.63636364,13.2,0,76.83636364,1
2018,0,63.78181818,12.6,0,76.38181818,1
2018,0,63.70909091,12.8,0,76.50909091,1
2018,0,63.12727273,14,0,77.12727273,1
2018,0,64,11.4,0,75.4,1
2018,0,63.2,13.6,0,76.8,1
2018,0,63.92727273,11.4,0,75.32727273,1
2018,0,63.63636364,11.8,0,75.43636364,1
2018,0,62.18181818,15.8,0,77.98181818,1
2018,0,64,10.6,0,74.6,1
2017,0,64.50909091,9.8,2,72.30909091,1
2018,0,62.76363636,13.6,0,76.36363636,1
2018,0,62.69090909,13.2,0,75.89090909,1
2018,0,64,9.4,0,73.4,1
2018,0,63.70909091,10.2,0,73.90909091,1
2018,0,63.27272727,11.2,0,74.47272727,1
2018,0,62.98181818,12,0,74.98181818,1
2018,0,62.83636364,12,0,74.83636364,1
2018,0,62.25454545,13.6,0,75.85454545,1
2018,0,63.56363636,9.6,0,73.16363636,1
2018,0,62.90909091,11.4,0,74.30909091,1
2018,0,62.83636364,11.2,0,74.03636364,1
2018,0,62.03636364,13.4,0,75.43636364,1
2018,0,63.41818182,9.4,0,72.81818182,1
2018,0,62.83636364,10.8,0,73.63636364,1
2018,0,61.81818182,13.6,0,75.41818182,1
2017,0,62.83636364,11.2,2,72.03636364,1
2018,0,62.61818182,10.8,0,73.41818182,1
2018,0,61.81818182,12.8,0,74.61818182,1
2018,0,61.38181818,14,0,75.38181818,1
2018,0,62.90909091,9.4,0,72.30909091,1
2018,0,61.81818182,12.4,0,74.21818182,1
2018,0,61.45454545,13.4,0,74.85454545,1
2018,0,62.47272727,10.4,0,72.87272727,1
2018,0,61.89090909,11.8,0,73.69090909,1
2018,0,62.18181818,10.2,0,72.38181818,1
2018,0,62.18181818,10.2,0,72.38181818,1
2017,0,62.61818182,9.8,2,70.41818182,1
2017,0,61.16363636,13.8,2,72.96363636,1
2018,0,62.83636364,8,0,70.83636364,1
2018,0,62.54545455,8.8,0,71.34545455,1
2018,0,61.6,11.2,0,72.8,1
2018,0,61.16363636,12.4,0,73.56363636,1
2018,0,61.23636364,12,0,73.23636364,1
2018,0,61.6,10.8,0,72.4,1
2018,0,61.23636364,11.8,0,73.03636364,1
2018,0,60.43636364,14,0,74.43636364,1
2018,0,61.89090909,9.6,0,71.49090909,1
2018,0,61.67272727,10,0,71.67272727,1
2017,0,62.10909091,9.6,2,69.70909091,1
2018,0,61.09090909,11.4,0,72.49090909,1
2016,0,60.14545455,12,4,68.14545455,1
2018,0,59.92727273,10.4,0,70.32727273,1
2017,0,74.03636364,16.491,2,88.52736364,1
2018,0,72.94545455,16.4,0,89.34545455,1
2017,0,73.09090909,16.9818,2,88.07270909,1
2018,0,74.69090909,11.4,0,86.09090909,1
2018,0,72.43636364,16.3272,0,88.76356364,1
2018,0,72.72727273,15.3636,0,88.09087273,1
2018,0,72.50909091,15.8,0,88.30909091,1
2018,0,71.63636364,16.7454,0,88.38176364,1
2018,0,72.50909091,14.1636,0,86.67269091,1
2018,0,72.21818182,14.9636,0,87.18178182,1
2018,0,72.94545455,12.6,0,85.54545455,1
2018,0,71.27272727,16.9636,0,88.23632727,1
2018,0,71.49090909,16.0546,0,87.54550909,1
2018,0,71.12727273,17.0364,0,88.16367273,1
2018,0,72.8,12,0,84.8,1
2018,0,71.49090909,15.4,0,86.89090909,1
2017,0,71.12727273,17.3454,2,86.47267273,1
2018,0,71.27272727,15.8,0,87.07272727,1
2018,0,71.2,16,0,87.2,1
2018,0,70.54545455,17.5636,0,88.10905455,1
2018,0,91.18181818,0,0,91.18181818,1
2018,0,87.72727273,0,0,87.72727273,1
2018,0,88.27272727,0,0,88.27272727,1
2018,0,87.90909091,0,0,87.90909091,1
2018,0,87.81818182,0,0,87.81818182,1
2018,0,87.81818182,0,0,87.81818182,1
2018,0,86.27272727,0,0,86.27272727,1
2018,0,84.72727273,0,0,84.72727273,1
2018,0,84.54545455,0,0,84.54545455,1
2018,0,83.90909091,0,0,83.90909091,1
2018,0,83.54545455,0,0,83.54545455,1
2018,0,81.72727273,0,0,81.72727273,1
2018,0,82.90909091,0,0,82.90909091,1
2018,0,82.90909091,0,0,82.90909091,1
2018,0,81,0,0,81,1
2018,0,82.72727273,0,0,82.72727273,1
2018,0,82.54545455,0,0,82.54545455,1
2018,0,82.36363636,0,0,82.36363636,1
2018,0,80.54545455,0,0,80.54545455,1
2018,0,81.81818182,0,0,81.81818182,1
2018,33.1418,49.7127,0,0,82.8545,1
2018,33.12,49.68,0,0,82.8,1
2018,32.97456,49.46184,0,0,82.4364,1
2018,32.84364,49.26546,0,0,82.1091,1
2018,32.68364,49.02546,0,0,81.7091,1
2018,32.5818,48.8727,0,0,81.4545,1
2018,32.31272,48.46908,0,0,80.7818,1
2018,32.29092,48.43638,0,0,80.7273,1
2018,32.25456,48.38184,0,0,80.6364,1
2018,31.91272,47.86908,0,0,79.7818,1
2018,31.77456,47.66184,0,0,79.4364,1
2018,31.64364,47.46546,0,0,79.1091,1
2018,31.5782,47.3673,0,0,78.9455,1
2018,31.55012,47.32518,0,0,78.8753,1
2018,31.4982,47.2473,0,0,78.7455,1
2018,31.4192,47.1288,0,0,78.548,1
2018,31.41092,47.11638,0,0,78.5273,1
2018,31.40364,47.10546,0,0,78.5091,1
2018,31.3818,47.0727,0,0,78.4545,1
2018,31.08364,46.62546,0,0,77.7091,1
2018,31.04728,46.57092,0,0,77.6182,1
2018,31.0182,46.5273,0,0,77.5455,1
2018,31.00364,46.50546,0,0,77.5091,1
2018,30.94544,46.41816,0,0,77.3636,1
2018,30.84364,46.26546,0,0,77.1091,1
2018,30.84364,46.26546,0,0,77.1091,1
2018,30.83636,46.25454,0,0,77.0909,1
2018,30.8218,46.2327,0,0,77.0545,1
2018,30.8218,46.2327,0,0,77.0545,1
2018,30.8,46.2,0,0,77,1
2018,30.7782,46.1673,0,0,76.9455,1
2018,30.77092,46.15638,0,0,76.9273,1
2018,30.7418,46.1127,0,0,76.8545,1
2018,30.67636,46.01454,0,0,76.6909,1
2018,30.49456,45.74184,0,0,76.2364,1
2018,30.46544,45.69816,0,0,76.1636,1
2018,30.31272,45.46908,0,0,75.7818,1
2018,30.24968,45.37452,0,0,75.6242,1
2018,30.19636,45.29454,0,0,75.4909,1
2018,30.08,45.12,0,0,75.2,1
2018,30.0582,45.0873,0,0,75.1455,1
2018,29.99272,44.98908,0,0,74.9818,1
2018,29.9418,44.9127,0,0,74.8545,1
2018,29.88364,44.82546,0,0,74.7091,1
2018,29.76,44.64,0,0,74.4,1
2018,29.7382,44.6073,0,0,74.3455,1
2018,29.69456,44.54184,0,0,74.2364,1
2018,29.66648,44.49972,0,0,74.1662,1
2018,29.6582,44.4873,0,0,74.1455,1
2018,29.6,44.4,0,0,74,1
2018,29.47636,44.21454,0,0,73.6909,1
2018,29.43272,44.14908,0,0,73.5818,1
2018,29.42544,44.13816,0,0,73.5636,1
2018,29.30908,43.96362,0,0,73.2727,1
2018,29.26544,43.89816,0,0,73.1636,1
2018,29.24364,43.86546,0,0,73.1091,1
2018,29.2,43.8,0,0,73,1
2018,29.17092,43.75638,0,0,72.9273,1
2018,29.08364,43.62546,0,0,72.7091,1
2018,29.06908,43.60362,0,0,72.6727,1
2018,29.0618,43.5927,0,0,72.6545,1
2018,29.00364,43.50546,0,0,72.5091,1
2018,28.94544,43.41816,0,0,72.3636,1
2018,28.87272,43.30908,0,0,72.1818,1
2018,28.84364,43.26546,0,0,72.1091,1
2018,28.80728,43.21092,0,0,72.0182,1
2018,28.77092,43.15638,0,0,71.9273,1
2018,28.72728,43.09092,0,0,71.8182,1
2018,28.72,43.08,0,0,71.8,1
2018,28.69092,43.03638,0,0,71.7273,1
2018,28.67636,43.01454,0,0,71.6909,1
2018,28.65456,42.98184,0,0,71.6364,1
2018,28.64,42.96,0,0,71.6,1
2018,28.62544,42.93816,0,0,71.5636,1
2018,28.61228,42.91842,0,0,71.5307,1
2018,28.5818,42.8727,0,0,71.4545,1
2018,28.5818,42.8727,0,0,71.4545,1
2018,28.56728,42.85092,0,0,71.4182,1
2018,28.54788,42.82182,0,0,71.3697,1
2018,28.52364,42.78546,0,0,71.3091,1
2018,28.51636,42.77454,0,0,71.2909,1
2018,28.48416,42.72624,0,0,71.2104,1
2018,28.43636,42.65454,0,0,71.0909,1
2018,28.37092,42.55638,0,0,70.9273,1
2018,28.35636,42.53454,0,0,70.8909,1
2018,28.34908,42.52362,0,0,70.8727,1
2018,28.30544,42.45816,0,0,70.7636,1
2018,28.24728,42.37092,0,0,70.6182,1
2018,28.23756,42.35634,0,0,70.5939,1
2018,28.23272,42.34908,0,0,70.5818,1
2018,28.1974,42.2961,0,0,70.4935,1
2018,28.14544,42.21816,0,0,70.3636,1
2018,28.1018,42.1527,0,0,70.2545,1
2018,28.08728,42.13092,0,0,70.2182,1
2018,28.04364,42.06546,0,0,70.1091,1
2018,28,42,0,0,70,1
2018,28,42,0,0,70,1
2018,27.95636,41.93454,0,0,69.8909,1
2018,27.94908,41.92362,0,0,69.8727,1
2018,27.92,41.88,0,0,69.8,1
2018,27.9186,41.8779,0,0,69.7965,1
2018,27.89092,41.83638,0,0,69.7273,1
2018,27.88868,41.83302,0,0,69.7217,1
2018,27.87636,41.81454,0,0,69.6909,1
2018,27.86908,41.80362,0,0,69.6727,1
2018,27.83272,41.74908,0,0,69.5818,1
2018,27.8182,41.7273,0,0,69.5455,1
2018,27.81092,41.71638,0,0,69.5273,1
2018,27.7818,41.6727,0,0,69.4545,1
2018,27.71636,41.57454,0,0,69.2909,1
2018,27.7018,41.5527,0,0,69.2545,1
2018,27.68,41.52,0,0,69.2,1
2018,27.63636,41.45454,0,0,69.0909,1
2018,27.59272,41.38908,0,0,68.9818,1
2018,27.54908,41.32362,0,0,68.8727,1
2018,27.54908,41.32362,0,0,68.8727,1
2018,27.52,41.28,0,0,68.8,1
2018,27.49092,41.23638,0,0,68.7273,1
2018,27.48364,41.22546,0,0,68.7091,1
2018,27.41092,41.11638,0,0,68.5273,1
2018,27.39636,41.09454,0,0,68.4909,1
2018,27.34544,41.01816,0,0,68.3636,1
2018,27.3366,41.0049,0,0,68.3415,1
2018,27.30908,40.96362,0,0,68.2727,1
2018,27.3018,40.9527,0,0,68.2545,1
2018,27.29456,40.94184,0,0,68.2364,1
2018,27.26544,40.89816,0,0,68.1636,1
2018,27.18544,40.77816,0,0,67.9636,1
2018,27.17092,40.75638,0,0,67.9273,1
2018,27.17092,40.75638,0,0,67.9273,1
2018,27.15636,40.73454,0,0,67.8909,1
2018,27.11272,40.66908,0,0,67.7818,1
2018,27.0982,40.6473,0,0,67.7455,1
2018,27.08364,40.62546,0,0,67.7091,1
2018,27.04728,40.57092,0,0,67.6182,1
2018,27.03272,40.54908,0,0,67.5818,1
2018,27.02544,40.53816,0,0,67.5636,1
2018,26.99636,40.49454,0,0,67.4909,1
2018,26.97456,40.46184,0,0,67.4364,1
2018,26.97456,40.46184,0,0,67.4364,1
2018,26.96,40.44,0,0,67.4,1
2018,26.95272,40.42908,0,0,67.3818,1
2018,26.9018,40.3527,0,0,67.2545,1
2018,26.88728,40.33092,0,0,67.2182,1
2018,26.82908,40.24362,0,0,67.0727,1
2018,26.82604,40.23906,0,0,67.0651,1
2018,26.8218,40.2327,0,0,67.0545,1
2018,26.81456,40.22184,0,0,67.0364,1
2018,26.7782,40.1673,0,0,66.9455,1
2018,26.76364,40.14546,0,0,66.9091,1
2018,26.71216,40.06824,0,0,66.7804,1
2018,26.6982,40.0473,0,0,66.7455,1
2018,26.68364,40.02546,0,0,66.7091,1
2018,26.67496,40.01244,0,0,66.6874,1
2018,26.63272,39.94908,0,0,66.5818,1
2018,26.5818,39.8727,0,0,66.4545,1
2018,26.57456,39.86184,0,0,66.4364,1
2018,26.53404,39.80106,0,0,66.3351,1
2018,26.50908,39.76362,0,0,66.2727,1
2018,26.4582,39.6873,0,0,66.1455,1
2018,26.44364,39.66546,0,0,66.1091,1
2018,26.43636,39.65454,0,0,66.0909,1
2018,26.41456,39.62184,0,0,66.0364,1
2018,26.38544,39.57816,0,0,65.9636,1
2018,26.37532,39.56298,0,0,65.9383,1
2018,26.36364,39.54546,0,0,65.9091,1
2018,26.31272,39.46908,0,0,65.7818,1
2018,26.24728,39.37092,0,0,65.6182,1
2018,26.24,39.36,0,0,65.6,1
2018,26.23272,39.34908,0,0,65.5818,1
2018,26.2182,39.3273,0,0,65.5455,1
2018,26.10908,39.16362,0,0,65.2727,1
2018,26.09456,39.14184,0,0,65.2364,1
2018,26.09456,39.14184,0,0,65.2364,1
2018,26.08728,39.13092,0,0,65.2182,1
2018,26.08,39.12,0,0,65.2,1
2018,26.03048,39.04572,0,0,65.0762,1
2018,26.00728,39.01092,0,0,65.0182,1
2018,25.99272,38.98908,0,0,64.9818,1
2018,25.96364,38.94546,0,0,64.9091,1
2018,25.92728,38.89092,0,0,64.8182,1
2018,25.90544,38.85816,0,0,64.7636,1
2018,25.83272,38.74908,0,0,64.5818,1
2018,25.76728,38.65092,0,0,64.4182,1
2018,25.75272,38.62908,0,0,64.3818,1
2018,25.72364,38.58546,0,0,64.3091,1
2018,25.71636,38.57454,0,0,64.2909,1
2018,25.70908,38.56362,0,0,64.2727,1
2018,25.69232,38.53848,0,0,64.2308,1
2018,25.68,38.52,0,0,64.2,1
2018,25.6582,38.4873,0,0,64.1455,1
2018,25.64364,38.46546,0,0,64.1091,1
2018,25.62908,38.44362,0,0,64.0727,1
2018,25.6218,38.4327,0,0,64.0545,1
2018,25.5782,38.3673,0,0,63.9455,1
2018,25.53456,38.30184,0,0,63.8364,1
2018,25.52,38.28,0,0,63.8,1
2018,25.50544,38.25816,0,0,63.7636,1
2018,25.50544,38.25816,0,0,63.7636,1
2018,25.44,38.16,0,0,63.6,1
2018,25.44,38.16,0,0,63.6,1
2018,25.4182,38.1273,0,0,63.5455,1
2018,25.2694,37.9041,0,0,63.1735,1
2018,25.26544,37.89816,0,0,63.1636,1
2018,25.2218,37.8327,0,0,63.0545,1
2018,25.2218,37.8327,0,0,63.0545,1
2018,25.1418,37.7127,0,0,62.8545,1
2018,25.12,37.68,0,0,62.8,1
2018,25.12,37.68,0,0,62.8,1
2018,25.11272,37.66908,0,0,62.7818,1
2018,25.10544,37.65816,0,0,62.7636,1
2018,24.98908,37.48362,0,0,62.4727,1
2018,24.9818,37.4727,0,0,62.4545,1
2018,24.88,37.32,0,0,62.2,1
2018,24.88,37.32,0,0,62.2,1
2018,24.84364,37.26546,0,0,62.1091,1
2018,24.8218,37.2327,0,0,62.0545,1
2018,24.7782,37.1673,0,0,61.9455,1
2018,24.7418,37.1127,0,0,61.8545,1
2018,24.71272,37.06908,0,0,61.7818,1
2018,24.68364,37.02546,0,0,61.7091,1
2018,24.67636,37.01454,0,0,61.6909,1
2018,24.65456,36.98184,0,0,61.6364,1
2018,24.63272,36.94908,0,0,61.5818,1
2018,24.62544,36.93816,0,0,61.5636,1
2018,24.59636,36.89454,0,0,61.4909,1
2018,24.59636,36.89454,0,0,61.4909,1
2018,24.5818,36.8727,0,0,61.4545,1
2018,24.55272,36.82908,0,0,61.3818,1
2018,24.3782,36.5673,0,0,60.9455,1
2018,24.35636,36.53454,0,0,60.8909,1
2018,24.32728,36.49092,0,0,60.8182,1
2018,24.29092,36.43638,0,0,60.7273,1
2018,24.29092,36.43638,0,0,60.7273,1
2018,24.24,36.36,0,0,60.6,1
2018,24.23272,36.34908,0,0,60.5818,1
2018,24.2182,36.3273,0,0,60.5455,1
2018,24.20364,36.30546,0,0,60.5091,1
2018,24.1818,36.2727,0,0,60.4545,1
2018,24.1818,36.2727,0,0,60.4545,1
2018,24.17456,36.26184,0,0,60.4364,1
2018,24.14544,36.21816,0,0,60.3636,1
2018,24.11636,36.17454,0,0,60.2909,1
2018,24.10908,36.16362,0,0,60.2727,1
2018,24.09456,36.14184,0,0,60.2364,1
2018,24.08728,36.13092,0,0,60.2182,1
2018,24.08728,36.13092,0,0,60.2182,1
2018,24.0566,36.0849,0,0,60.1415,1
2018,24.02908,36.04362,0,0,60.0727,1
2018,24.01456,36.02184,0,0,60.0364,1
2018,23.99272,35.98908,0,0,59.9818,1
2018,23.96364,35.94546,0,0,59.9091,1
2018,23.95636,35.93454,0,0,59.8909,1
2018,23.7818,35.6727,0,0,59.4545,1
2018,23.74544,35.61816,0,0,59.3636,1
2018,23.72364,35.58546,0,0,59.3091,1
2018,23.66544,35.49816,0,0,59.1636,1
2018,23.61456,35.42184,0,0,59.0364,1
2018,23.42544,35.13816,0,0,58.5636,1
2018,23.4182,35.1273,0,0,58.5455,1
2018,23.4182,35.1273,0,0,58.5455,1
2018,23.39636,35.09454,0,0,58.4909,1
2018,23.3818,35.0727,0,0,58.4545,1
2018,23.28728,34.93092,0,0,58.2182,1
2018,23.24364,34.86546,0,0,58.1091,1
2018,23.22908,34.84362,0,0,58.0727,1
2018,23.20632,34.80948,0,0,58.0158,1
2018,23.1678,34.7517,0,0,57.9195,1
2018,23.15636,34.73454,0,0,57.8909,1
2018,23.14908,34.72362,0,0,57.8727,1
2018,23.1152,34.6728,0,0,57.788,1
2018,23.06908,34.60362,0,0,57.6727,1
2018,23.05456,34.58184,0,0,57.6364,1
2018,23.04916,34.57374,0,0,57.6229,1
2018,23.0182,34.5273,0,0,57.5455,1
2018,22.99636,34.49454,0,0,57.4909,1
2018,22.95272,34.42908,0,0,57.3818,1
2018,22.92364,34.38546,0,0,57.3091,1
2018,22.91636,34.37454,0,0,57.2909,1
2018,22.89456,34.34184,0,0,57.2364,1
2018,22.88728,34.33092,0,0,57.2182,1
2018,22.8,34.2,0,0,57,1
2018,22.77092,34.15638,0,0,56.9273,1
2018,22.77092,34.15638,0,0,56.9273,1
2018,22.72728,34.09092,0,0,56.8182,1
2018,22.64728,33.97092,0,0,56.6182,1
2018,22.59636,33.89454,0,0,56.4909,1
2018,22.5818,33.8727,0,0,56.4545,1
2018,22.57456,33.86184,0,0,56.4364,1
2018,22.56,33.84,0,0,56.4,1
2018,22.48728,33.73092,0,0,56.2182,1
2018,22.33456,33.50184,0,0,55.8364,1
2018,22.2618,33.3927,0,0,55.6545,1
2018,22.10284,33.15426,0,0,55.2571,1
2018,22.08,33.12,0,0,55.2,1
2018,22.07272,33.10908,0,0,55.1818,1
2018,22.02908,33.04362,0,0,55.0727,1
2018,21.98544,32.97816,0,0,54.9636,1
2018,21.9782,32.9673,0,0,54.9455,1
2018,21.9782,32.9673,0,0,54.9455,1
2018,21.97092,32.95638,0,0,54.9273,1
2018,21.93456,32.90184,0,0,54.8364,1
2018,21.91272,32.86908,0,0,54.7818,1
2018,21.91272,32.86908,0,0,54.7818,1
2018,21.88364,32.82546,0,0,54.7091,1
2018,21.87636,32.81454,0,0,54.6909,1
2018,21.85456,32.78184,0,0,54.6364,1
2018,21.84728,32.77092,0,0,54.6182,1
2018,21.83272,32.74908,0,0,54.5818,1
2018,21.80364,32.70546,0,0,54.5091,1
2018,21.7382,32.6073,0,0,54.3455,1
2018,21.71636,32.57454,0,0,54.2909,1
2018,21.67272,32.50908,0,0,54.1818,1
2018,21.58544,32.37816,0,0,53.9636,1
2018,21.54908,32.32362,0,0,53.8727,1
2018,21.50544,32.25816,0,0,53.7636,1
2018,21.48364,32.22546,0,0,53.7091,1
2018,21.44728,32.17092,0,0,53.6182,1
2018,21.44,32.16,0,0,53.6,1
2018,21.43272,32.14908,0,0,53.5818,1
2018,21.40468,32.10702,0,0,53.5117,1
2018,21.3382,32.0073,0,0,53.3455,1
2018,21.2218,31.8327,0,0,53.0545,1
2018,21.21456,31.82184,0,0,53.0364,1
2018,20.87272,31.30908,0,0,52.1818,1
2018,20.5382,30.8073,0,0,51.3455,1
2018,20.2982,30.4473,0,0,50.7455,1
2018,20.20364,30.30546,0,0,50.5091,1
2018,20.20364,30.30546,0,0,50.5091,1
2018,20.027,30.0405,0,0,50.0675,1
2018,19.59272,29.38908,0,0,48.9818,0
2018,19.23636,28.85454,0,0,48.0909,0
2018,19.17092,28.75638,0,0,47.9273,0
2018,19.08364,28.62546,0,0,47.7091,0
2018,19.03272,28.54908,0,0,47.5818,0
2018,11.84,17.76,0,0,29.6,0
2018,40,60,0,0,100,
2018,34.63272,51.94908,0,0,86.5818,1
2018,33.84,50.76,0,0,84.6,1
2018,33.2218,49.8327,0,0,83.0545,1
2018,33.15636,49.73454,0,0,82.8909,1
2018,33.0982,49.6473,0,0,82.7455,1
2018,32.97456,49.46184,0,0,82.4364,1
2018,32.70544,49.05816,0,0,81.7636,1
2018,32.64,48.96,0,0,81.6,1
2018,32.58908,48.88362,0,0,81.4727,1
2018,32.5382,48.8073,0,0,81.3455,1
2018,32.49628,48.74442,0,0,81.2407,1
2018,32.45092,48.67638,0,0,81.1273,1
2018,32.2982,48.4473,0,0,80.7455,1
2018,32.18908,48.28362,0,0,80.4727,1
2018,32.08728,48.13092,0,0,80.2182,1
2018,31.95636,47.93454,0,0,79.8909,1
2018,31.63636,47.45454,0,0,79.0909,1
2018,31.58544,47.37816,0,0,78.9636,1
2018,31.54908,47.32362,0,0,78.8727,1
2018,31.45456,47.18184,0,0,78.6364,1
2018,31.44728,47.17092,0,0,78.6182,1
2018,31.42544,47.13816,0,0,78.5636,1
2018,31.36,47.04,0,0,78.4,1
2018,31.07636,46.61454,0,0,77.6909,1
2018,31.05456,46.58184,0,0,77.6364,1
2018,31.04728,46.57092,0,0,77.6182,1
2018,30.86544,46.29816,0,0,77.1636,1
2018,30.83636,46.25454,0,0,77.0909,1
2018,30.76364,46.14546,0,0,76.9091,1
2018,30.6982,46.0473,0,0,76.7455,1
2018,30.62544,45.93816,0,0,76.5636,1
2018,30.6182,45.9273,0,0,76.5455,1
2018,30.53092,45.79638,0,0,76.3273,1
2018,30.4218,45.6327,0,0,76.0545,1
2018,30.40728,45.61092,0,0,76.0182,1
2018,30.35636,45.53454,0,0,75.8909,1
2018,30.30788,45.46182,0,0,75.7697,1
2018,30.24968,45.37452,0,0,75.6242,1
2018,30.1818,45.2727,0,0,75.4545,1
2018,30.15272,45.22908,0,0,75.3818,1
2018,30.08728,45.13092,0,0,75.2182,1
2018,30.02908,45.04362,0,0,75.0727,1
2018,30.00728,45.01092,0,0,75.0182,1
2018,29.95636,44.93454,0,0,74.8909,1
2018,29.90544,44.85816,0,0,74.7636,1
2018,29.8618,44.7927,0,0,74.6545,1
2018,29.8182,44.7273,0,0,74.5455,1
2018,29.76728,44.65092,0,0,74.4182,1
2018,29.67272,44.50908,0,0,74.1818,1
2018,29.6218,44.4327,0,0,74.0545,1
2018,29.5418,44.3127,0,0,73.8545,1
2018,29.47636,44.21454,0,0,73.6909,1
2018,29.45456,44.18184,0,0,73.6364,1
2018,29.42544,44.13816,0,0,73.5636,1
2018,29.3818,44.0727,0,0,73.4545,1
2018,29.33092,43.99638,0,0,73.3273,1
2018,29.28,43.92,0,0,73.2,1
2018,29.24364,43.86546,0,0,73.1091,1
2018,29.23636,43.85454,0,0,73.0909,1
2018,29.23636,43.85454,0,0,73.0909,1
2018,29.17956,43.76934,0,0,72.9489,1
2018,29.14908,43.72362,0,0,72.8727,1
2018,29.07636,43.61454,0,0,72.6909,1
2018,29.04728,43.57092,0,0,72.6182,1
2018,29.02544,43.53816,0,0,72.5636,1
2018,29.00364,43.50546,0,0,72.5091,1
2018,28.97456,43.46184,0,0,72.4364,1
2018,28.88728,43.33092,0,0,72.2182,1
2018,28.87272,43.30908,0,0,72.1818,1
2018,28.77092,43.15638,0,0,71.9273,1
2018,28.77092,43.15638,0,0,71.9273,1
2018,28.64728,42.97092,0,0,71.6182,1
2018,28.61092,42.91638,0,0,71.5273,1
2018,28.2982,42.4473,0,0,70.7455,1
2018,28.18908,42.28362,0,0,70.4727,1
2018,28.17768,42.26652,0,0,70.4442,1
2018,28.16728,42.25092,0,0,70.4182,1
2018,28.03636,42.05454,0,0,70.0909,1
2018,27.97092,41.95638,0,0,69.9273,1
2018,27.9418,41.9127,0,0,69.8545,1
2018,27.9186,41.8779,0,0,69.7965,1
2018,27.78908,41.68362,0,0,69.4727,1
2018,27.61456,41.42184,0,0,69.0364,1
2018,27.59272,41.38908,0,0,68.9818,1
2018,27.58544,41.37816,0,0,68.9636,1
2018,27.57092,41.35638,0,0,68.9273,1
2018,27.56364,41.34546,0,0,68.9091,1
2018,27.53456,41.30184,0,0,68.8364,1
2018,27.49092,41.23638,0,0,68.7273,1
2018,27.48364,41.22546,0,0,68.7091,1
2018,27.43272,41.14908,0,0,68.5818,1
2018,27.39636,41.09454,0,0,68.4909,1
2018,27.36,41.04,0,0,68.4,1
2018,27.34544,41.01816,0,0,68.3636,1
2018,27.18544,40.77816,0,0,67.9636,1
2018,26.96728,40.45092,0,0,67.4182,1
2018,26.9382,40.4073,0,0,67.3455,1
2018,26.92364,40.38546,0,0,67.3091,1
2018,26.82908,40.24362,0,0,67.0727,1
2018,26.73456,40.10184,0,0,66.8364,1
2018,26.70544,40.05816,0,0,66.7636,1
2018,26.6982,40.0473,0,0,66.7455,1
2018,26.48,39.72,0,0,66.2,1
2018,26.35636,39.53454,0,0,65.8909,1
2018,26.08728,39.13092,0,0,65.2182,1
2018,26.07272,39.10908,0,0,65.1818,1
2018,26.0582,39.0873,0,0,65.1455,1
2018,26.0218,39.0327,0,0,65.0545,1
2018,25.81092,38.71638,0,0,64.5273,1
2018,25.50544,38.25816,0,0,63.7636,1
2018,25.44728,38.17092,0,0,63.6182,1
2018,25.35272,38.02908,0,0,63.3818,1
2018,25.3382,38.0073,0,0,63.3455,1
2018,25.13456,37.70184,0,0,62.8364,1
2018,25.12,37.68,0,0,62.8,1
2018,25.04728,37.57092,0,0,62.6182,1
2018,24.68364,37.02546,0,0,61.7091,1
2018,24.5382,36.8073,0,0,61.3455,1
2018,24.50908,36.76362,0,0,61.2727,1
2018,24.37716,36.56574,0,0,60.9429,1
2018,24.35636,36.53454,0,0,60.8909,1
2018,24.24,36.36,0,0,60.6,1
2018,24.24,36.36,0,0,60.6,1
2018,23.72364,35.58546,0,0,59.3091,1
2018,23.58544,35.37816,0,0,58.9636,1
2018,23.36728,35.05092,0,0,58.4182,1
2018,22.51636,33.77454,0,0,56.2909,1
2018,20.9728,31.4592,0,0,52.432,1
2017,19.54,30.21,0,2,47.75,0
2018,17.32,25.98,0,0,43.3,0
2018,19.86,29.79,0,0,49.65,0
2018,12.928,19.392,0,0,32.32,0
2018,20.176,30.264,0,0,50.44,1
2018,16.484,24.726,0,0,41.21,0
2018,22.572,33.858,0,0,56.43,1
2018,15.728,23.592,0,0,39.32,0
2018,23.8,35.7,0,0,59.5,1
2017,17.32,25.98,0,2,43.3,0
2018,17.7948,26.6922,0,0,44.487,0
2018,12.98,19.47,0,0,32.45,0
2018,21.728,32.592,0,0,54.32,1
2018,19.84,29.76,0,0,49.6,0
2018,15.064,22.596,0,0,37.66,0
2016,14.128,21.192,0,4,35.32,0
2018,16.928,25.392,0,0,42.32,0
2018,12.928,19.392,0,0,32.32,0
2018,16.928,25.392,0,0,42.32,0
2017,12.484,18.726,0,2,31.21,0
2018,12.128,18.192,0,0,30.32,0
2018,16.848,25.272,0,0,42.12,0
2018,13.024,19.536,0,0,32.56,0
2018,18.568,27.852,0,0,46.42,0
2018,13,19.5,0,0,32.5,0
2016,14.528,21.792,0,4,36.32,0
2018,17.372,26.058,0,0,43.43,0
2018,17.6,26.4,0,0,44,0
2018,16.216,24.324,0,0,40.54,0
2018,17.328,25.992,0,0,43.32,0
2017,18.264,27.396,0,2,45.66,0
2018,19.6,29.4,0,0,49,0
2018,13.36,20.04,0,0,33.4,0
2018,12.972,19.458,0,0,32.43,0
2016,17.4,26.1,0,4,43.5,0
2018,20.172,30.258,0,0,50.43,1
2018,17.28,25.92,0,0,43.2,0
2017,17.7692,26.6538,0,2,44.423,0
2018,12.528,18.792,0,0,31.32,0
2018,21.772,32.658,0,0,54.43,1
2018,13.8136,20.7204,0,0,34.534,0
2018,17.416,26.124,0,0,43.54,0
2018,7.757,46.542,23.271,0,77.57,1
2018,7.757,46.542,23.271,0,77.57,1
2018,7.743,46.458,23.229,0,77.43,1
2018,7.736,46.416,23.208,0,77.36,1
2018,7.727,46.362,23.181,0,77.27,1
2018,7.723,46.338,23.169,0,77.23,1
2018,7.703,46.218,23.109,0,77.03,1
2018,7.703,46.218,23.109,0,77.03,1
2017,7.503,45.018,22.509,2,75.03,1
2018,7.703,46.218,23.109,0,77.03,1
2018,7.683,46.098,23.049,0,76.83,1
2018,7.683,46.098,23.049,0,76.83,1
2017,7.482,44.892,22.446,2,74.82,1
2018,7.663,45.978,22.989,0,76.63,1
2018,7.654,45.924,22.962,0,76.54,1
2018,7.644,45.864,22.932,0,76.44,1
2017,7.436,44.616,22.308,2,74.36,1
2018,7.624,45.744,22.872,0,76.24,1
2018,7.615,45.69,22.845,0,76.15,1
2018,7.615,45.69,22.845,0,76.15,1
2018,7.615,45.69,22.845,0,76.15,1
2018,7.604,45.624,22.812,0,76.04,1
2018,7.604,45.624,22.812,0,76.04,1
2018,7.6,45.6,22.8,0,76,1
2018,7.588,45.528,22.764,0,75.88,1
2018,7.584,45.504,22.752,0,75.84,1
2018,7.584,45.504,22.752,0,75.84,1
2017,7.484,44.904,22.452,2,74.84,1
2018,7.569,45.414,22.707,0,75.69,1
2018,7.564,45.384,22.692,0,75.64,1
2018,7.558,45.348,22.674,0,75.58,1
2018,7.558,45.348,22.674,0,75.58,1
2018,7.545,45.27,22.635,0,75.45,1
2018,7.545,45.27,22.635,0,75.45,1
2016,7.145,42.87,21.435,4,71.45,1
2018,7.525,45.15,22.575,0,75.25,1
2018,7.519,45.114,22.557,0,75.19,1
2018,7.509,45.054,22.527,0,75.09,1
2018,7.505,45.03,22.515,0,75.05,1
2018,7.505,45.03,22.515,0,75.05,1
2018,7.5,45,22.5,0,75,1
2017,7.281,43.686,21.843,2,72.81,1
2018,7.471,44.826,22.413,0,74.71,1
2018,7.465,44.79,22.395,0,74.65,1
2018,7.465,44.79,22.395,0,74.65,1
2018,7.462,44.772,22.386,0,74.62,1
2018,7.462,44.772,22.386,0,74.62,1
2018,7.455,44.73,22.365,0,74.55,1
2018,7.446,44.676,22.338,0,74.46,1
2018,7.446,44.676,22.338,0,74.46,1
2018,7.446,44.676,22.338,0,74.46,1
2018,7.442,44.652,22.326,0,74.42,1
2018,7.442,44.652,22.326,0,74.42,1
2018,7.439,44.634,22.317,0,74.39,1
2018,7.431,44.586,22.293,0,74.31,1
2018,6.673,40.038,20.019,0,66.73,1
2018,6.673,40.038,20.019,0,66.73,1
2018,6.61,39.66,19.83,0,66.1,1
2018,6.594,39.564,19.782,0,65.94,1
2018,6.577,39.462,19.731,0,65.77,1
2018,6.574,39.444,19.722,0,65.74,1
2018,6.574,39.444,19.722,0,65.74,1
2018,6.554,39.324,19.662,0,65.54,1
2018,6.545,39.27,19.635,0,65.45,1
2018,6.529,39.174,19.587,0,65.29,1
2018,6.473,38.838,19.419,0,64.73,1
2018,6.473,38.838,19.419,0,64.73,1
2018,6.473,38.838,19.419,0,64.73,1
2018,6.471,38.826,19.413,0,64.71,1
2018,6.455,38.73,19.365,0,64.55,1
2018,6.442,38.652,19.326,0,64.42,1
2018,6.416,38.496,19.248,0,64.16,1
2018,6.4,38.4,19.2,0,64,1
2018,6.392,38.352,19.176,0,63.92,1
2018,6.392,38.352,19.176,0,63.92,1
2018,6.365,38.19,19.095,0,63.65,1
2018,6.356,38.136,19.068,0,63.56,1
2018,6.356,38.136,19.068,0,63.56,1
2018,6.327,37.962,18.981,0,63.27,1
2018,6.267,37.602,18.801,0,62.67,1
2018,6.198,37.188,18.594,0,61.98,1
2018,6.176,37.056,18.528,0,61.76,1
2018,6.155,36.93,18.465,0,61.55,1
2018,6.099,36.594,18.297,0,60.99,1
2018,6.078,36.468,18.234,0,60.78,1
2018,6.039,36.234,18.117,0,60.39,0
2018,5.943,35.658,17.829,0,59.43,0
2018,5.676,34.056,17.028,0,56.76,0
2018,5.4221,32.5326,16.2663,0,54.221,0
2018,4.954,29.724,14.862,0,49.54,0
2018,4.533,27.198,13.599,0,45.33,0
2018,5.432,32.592,16.296,0,54.32,0
2018,4.343,26.058,13.029,0,43.43,0
2018,5.5432,33.2592,16.6296,0,55.432,0
2018,3.243,19.458,9.729,0,32.43,0
2018,3.654,21.924,10.962,0,36.54,0
2018,3.244,19.464,9.732,0,32.44,0
2018,4.976,29.856,14.928,0,49.76,0
2018,6.164,36.984,18.492,0,61.64,1
2018,6.155,36.93,18.465,0,61.55,1
2018,6.131,36.786,18.393,0,61.31,1
2018,6.127,36.762,18.381,0,61.27,1
2018,6.099,36.594,18.297,0,60.99,1
2018,6.075,36.45,18.225,0,60.75,1
2018,6.059,36.354,18.177,0,60.59,1
2018,6.036,36.216,18.108,0,60.36,1
2018,6.022,36.132,18.066,0,60.22,1
2018,6.02,36.12,18.06,0,60.2,1
2018,6.019,36.114,18.057,0,60.19,1
2018,5.98,35.88,17.94,0,59.8,1
2018,5.964,35.784,17.892,0,59.64,1
2018,5.96,35.76,17.88,0,59.6,1
2018,5.955,35.73,17.865,0,59.55,1
2018,5.944,35.664,17.832,0,59.44,1
2018,5.941,35.646,17.823,0,59.41,1
2018,5.927,35.562,17.781,0,59.27,1
2018,5.925,35.55,17.775,0,59.25,1
2018,5.923,35.538,17.769,0,59.23,1
2018,5.922,35.532,17.766,0,59.22,1
2018,5.907,35.442,17.721,0,59.07,1
2018,5.904,35.424,17.712,0,59.04,1
2018,5.888,35.328,17.664,0,58.88,1
2018,5.885,35.31,17.655,0,58.85,1
2018,5.873,35.238,17.619,0,58.73,1
2018,5.873,35.238,17.619,0,58.73,1
2018,5.867,35.202,17.601,0,58.67,1
2018,5.864,35.184,17.592,0,58.64,1
2018,5.855,35.13,17.565,0,58.55,1
2018,5.832,34.992,17.496,0,58.32,1
2018,5.832,34.992,17.496,0,58.32,1
2018,5.808,34.848,17.424,0,58.08,1
2018,5.794,34.764,17.382,0,57.94,1
2018,5.794,34.764,17.382,0,57.94,1
2018,5.784,34.704,17.352,0,57.84,1
2018,5.782,34.692,17.346,0,57.82,1
2018,5.782,34.692,17.346,0,57.82,1
2018,5.764,34.584,17.292,0,57.64,1
2018,5.738,34.428,17.214,0,57.38,1
2018,5.736,34.416,17.208,0,57.36,1
2018,5.725,34.35,17.175,0,57.25,1
2018,5.709,34.254,17.127,0,57.09,1
2018,5.709,34.254,17.127,0,57.09,1
2018,5.695,34.17,17.085,0,56.95,1
2018,5.691,34.146,17.073,0,56.91,1
2018,5.683,34.098,17.049,0,56.83,1
2018,5.673,34.038,17.019,0,56.73,1
2018,5.664,33.984,16.992,0,56.64,1
2018,5.636,33.816,16.908,0,56.36,1
2018,5.582,33.492,16.746,0,55.82,1
2018,5.551,33.306,16.653,0,55.51,1
2018,5.545,33.27,16.635,0,55.45,1
2018,5.54,33.24,16.62,0,55.4,1
2018,5.533,33.198,16.599,0,55.33,1
2018,5.505,33.03,16.515,0,55.05,1
2018,5.495,32.97,16.485,0,54.95,1
2018,5.491,32.946,16.473,0,54.91,1
2018,5.49,32.94,16.47,0,54.9,1
2018,5.49,32.94,16.47,0,54.9,1
2018,5.467,32.802,16.401,0,54.67,1
2018,5.465,32.79,16.395,0,54.65,1
2018,5.451,32.706,16.353,0,54.51,1
2018,5.445,32.67,16.335,0,54.45,1
2018,5.353,32.118,16.059,0,53.53,1
2018,5.352,32.112,16.056,0,53.52,1
2018,5.346,32.076,16.038,0,53.46,1
2018,5.346,32.076,16.038,0,53.46,1
2018,5.032,30.192,15.096,0,50.32,1
2018,4.565,27.39,13.695,0,45.65,0
2018,6.543,39.258,19.629,0,65.43,1
2018,3.243,19.458,9.729,0,32.43,0
2018,5.654,33.924,16.962,0,56.54,1
2018,3.443,20.658,10.329,0,34.43,0
2018,4.354,26.124,13.062,0,43.54,0
2018,5.443,32.658,16.329,0,54.43,1
2018,3.34,20.04,10.02,0,33.4,0
2018,4.32,25.92,12.96,0,43.2,0
2018,4.975,29.85,14.925,0,49.75,0
2018,4.765,28.59,14.295,0,47.65,0
2018,4.365,26.19,13.095,0,43.65,0
2018,3.987,23.922,11.961,0,39.87,0
2018,4.965,29.79,14.895,0,49.65,0
2018,4.365,26.19,13.095,0,43.65,0
2018,4.565,27.39,13.695,0,45.65,0
2018,4.435,26.61,13.305,0,44.35,0
2018,3.553,21.318,10.659,0,35.53,0
2018,4.355,26.13,13.065,0,43.55,0
2018,6.53,39.18,19.59,0,65.3,1
2018,4.343,26.058,13.029,0,43.43,0
2018,3.423,20.538,10.269,0,34.23,0
2018,5.343,32.058,16.029,0,53.43,1
2018,4.543,27.258,13.629,0,45.43,0
2018,5.353,32.118,16.059,0,53.53,1
2018,4.332,25.992,12.996,0,43.32,0
2018,4.854,29.124,14.562,0,48.54,0
2018,4.464,26.784,13.392,0,44.64,0
